code;name;code_system;value_set
275556002;A/B cover need - dentistry;http://snomed.info/sct;SNOMED-CT
267006003;A/B cover need - surg./dentist;http://snomed.info/sct;SNOMED-CT
275557006;A/B cover need - surgery;http://snomed.info/sct;SNOMED-CT
394698008;Birth history;http://snomed.info/sct;SNOMED-CT
473388009;Born at home;http://snomed.info/sct;SNOMED-CT
169818001;Born before arrival;http://snomed.info/sct;SNOMED-CT
444966004;Born before arrival of midwife;http://snomed.info/sct;SNOMED-CT
445087001;Born before arrival to hospital;http://snomed.info/sct;SNOMED-CT
407613009;Born by breech delivery;http://snomed.info/sct;SNOMED-CT
394699000;Born by cesarean section;http://snomed.info/sct;SNOMED-CT
395682006;Born by elective cesarean section;http://snomed.info/sct;SNOMED-CT
407615002;Born by emergency cesarean section;http://snomed.info/sct;SNOMED-CT
395681004;Born by forceps delivery;http://snomed.info/sct;SNOMED-CT
395683001;Born by normal vaginal delivery;http://snomed.info/sct;SNOMED-CT
407614003;Born by ventouse delivery;http://snomed.info/sct;SNOMED-CT
473389001;Born in ambulance;http://snomed.info/sct;SNOMED-CT
1,03011E+14;Coronary arteriosclerosis in patient with history of previous myocardial infarction;http://snomed.info/sct;SNOMED-CT
1187607009;Deserted from military service;http://snomed.info/sct;SNOMED-CT
473137000;Disability absent;http://snomed.info/sct;SNOMED-CT
1187608004;Dishonorably discharged from military service;http://snomed.info/sct;SNOMED-CT
1187605001;Exposed to combat during military service;http://snomed.info/sct;SNOMED-CT
1187612005;Failed military service training;http://snomed.info/sct;SNOMED-CT
162271007;Felt faint;http://snomed.info/sct;SNOMED-CT
709462001;Fetal exposure to alcohol;http://snomed.info/sct;SNOMED-CT
710570008;Fetal exposure to angiotensin converting enzyme inhibitor agent;http://snomed.info/sct;SNOMED-CT
789377005;Fetal exposure to anticonvulsant;http://snomed.info/sct;SNOMED-CT
711456004;Fetal exposure to drug;http://snomed.info/sct;SNOMED-CT
781699006;Fetal exposure to methamphetamine;http://snomed.info/sct;SNOMED-CT
709426002;Fetal exposure to toxin;http://snomed.info/sct;SNOMED-CT
440706004;Full renal function recovered;http://snomed.info/sct;SNOMED-CT
161542005;H/O lower GIT neoplasm;http://snomed.info/sct;SNOMED-CT
161432005;H/O Malignant melanoma;http://snomed.info/sct;SNOMED-CT
161541003;H/O upper GIT neoplasm;http://snomed.info/sct;SNOMED-CT
161513002;H/O ventricular fibrillation;http://snomed.info/sct;SNOMED-CT
161747002;H/O: 1 miscarriage;http://snomed.info/sct;SNOMED-CT
161748007;H/O: 2 miscarriages;http://snomed.info/sct;SNOMED-CT
161749004;H/O: 3 miscarriages;http://snomed.info/sct;SNOMED-CT
161750004;H/O: 4 miscarriages;http://snomed.info/sct;SNOMED-CT
161751000;H/O: 5 miscarriages;http://snomed.info/sct;SNOMED-CT
161752007;H/O: 6 miscarriages;http://snomed.info/sct;SNOMED-CT
161533003;H/O: abdominal hernia;http://snomed.info/sct;SNOMED-CT
267016006;H/O: abnormal uterine bleeding;http://snomed.info/sct;SNOMED-CT
309635005;H/O: Admission in last year for diabetes foot problem;http://snomed.info/sct;SNOMED-CT
161466001;H/O: alcoholism;http://snomed.info/sct;SNOMED-CT
390933006;H/O: amblyopia;http://snomed.info/sct;SNOMED-CT
161780009;H/O: amenorrhea;http://snomed.info/sct;SNOMED-CT
161456009;H/O: anemia - iron deficient;http://snomed.info/sct;SNOMED-CT
308066006;H/O: Angina in last year;http://snomed.info/sct;SNOMED-CT
161504004;H/O: angina pectoris;http://snomed.info/sct;SNOMED-CT
609550002;H/O: angiotensin converting enzyme inhibitor pseudoallergy;http://snomed.info/sct;SNOMED-CT
161471008;H/O: anorexia nervosa;http://snomed.info/sct;SNOMED-CT
161470009;H/O: anxiety state;http://snomed.info/sct;SNOMED-CT
161514008;H/O: aortic aneurysm;http://snomed.info/sct;SNOMED-CT
161532008;H/O: appendicitis;http://snomed.info/sct;SNOMED-CT
275554004;H/O: arthritis;http://snomed.info/sct;SNOMED-CT
161635002;H/O: asbestos exposure;http://snomed.info/sct;SNOMED-CT
161527007;H/O: asthma;http://snomed.info/sct;SNOMED-CT
312442005;H/O: atrial fibrillation;http://snomed.info/sct;SNOMED-CT
161474000;H/O: attempted suicide;http://snomed.info/sct;SNOMED-CT
161570007;H/O: back problem;http://snomed.info/sct;SNOMED-CT
267000009;H/O: biliary disease;http://snomed.info/sct;SNOMED-CT
1,2481E+13;H/O: biological substance allergy;http://snomed.info/sct;SNOMED-CT
161580006;H/O: birth trauma;http://snomed.info/sct;SNOMED-CT
266992002;H/O: blood disorder;http://snomed.info/sct;SNOMED-CT
275540007;H/O: brain disorder;http://snomed.info/sct;SNOMED-CT
161797003;H/O: breast problem;http://snomed.info/sct;SNOMED-CT
275528007;H/O: bronchitis;http://snomed.info/sct;SNOMED-CT
275903009;H/O: carcinoma;http://snomed.info/sct;SNOMED-CT
161573009;H/O: cardiac anomaly;http://snomed.info/sct;SNOMED-CT
161692001;H/O: cardiac pacemaker in situ;http://snomed.info/sct;SNOMED-CT
266995000;H/O: cardiovascular disease;http://snomed.info/sct;SNOMED-CT
161489009;H/O: cataract;http://snomed.info/sct;SNOMED-CT
161423008;H/O: chickenpox;http://snomed.info/sct;SNOMED-CT
161496006;H/O: chronic ear infection;http://snomed.info/sct;SNOMED-CT
161563007;H/O: chronic skin ulcer;http://snomed.info/sct;SNOMED-CT
161575002;H/O: cleft lip;http://snomed.info/sct;SNOMED-CT
161574003;H/O: cleft palate;http://snomed.info/sct;SNOMED-CT
266993007;H/O: CNS disorder;http://snomed.info/sct;SNOMED-CT
161460007;H/O: coagulation defect;http://snomed.info/sct;SNOMED-CT
266999006;H/O: colitis;http://snomed.info/sct;SNOMED-CT
161572004;H/O: congenital anomaly;http://snomed.info/sct;SNOMED-CT
161491001;H/O: corneal ulcer;http://snomed.info/sct;SNOMED-CT
314550003;H/O: deliberate self harm;http://snomed.info/sct;SNOMED-CT
161465002;H/O: dementia;http://snomed.info/sct;SNOMED-CT
161469008;H/O: depression;http://snomed.info/sct;SNOMED-CT
161445009;H/O: diabetes mellitus;http://snomed.info/sct;SNOMED-CT
413178000;H/O: diphtheria;http://snomed.info/sct;SNOMED-CT
135879003;H/O: dislocated shoulder;http://snomed.info/sct;SNOMED-CT
312850006;H/O: Disorder;http://snomed.info/sct;SNOMED-CT
275547005;H/O: duodenal ulcer;http://snomed.info/sct;SNOMED-CT
161796007;H/O: dyspareunia;http://snomed.info/sct;SNOMED-CT
161494009;H/O: ear disorder;http://snomed.info/sct;SNOMED-CT
161806007;H/O: eclampsia;http://snomed.info/sct;SNOMED-CT
161763005;H/O: ectopic pregnancy;http://snomed.info/sct;SNOMED-CT
161561009;H/O: eczema;http://snomed.info/sct;SNOMED-CT
275545002;H/O: embolism;http://snomed.info/sct;SNOMED-CT
161479005;H/O: encephalitis;http://snomed.info/sct;SNOMED-CT
266990005;H/O: endocrine disorder;http://snomed.info/sct;SNOMED-CT
161480008;H/O: epilepsy;http://snomed.info/sct;SNOMED-CT
390839009;H/O: facial injury;http://snomed.info/sct;SNOMED-CT
394705009;H/O: febrile convulsions;http://snomed.info/sct;SNOMED-CT
726625000;H/O: first degree perineal laceration;http://snomed.info/sct;SNOMED-CT
391095006;H/O: fracture;http://snomed.info/sct;SNOMED-CT
391092009;H/O: fragility fracture;http://snomed.info/sct;SNOMED-CT
267015005;H/O: full term delivery;http://snomed.info/sct;SNOMED-CT
275550008;H/O: gallbladder disease;http://snomed.info/sct;SNOMED-CT
407637009;H/O: gallstones;http://snomed.info/sct;SNOMED-CT
275548000;H/O: gastric ulcer;http://snomed.info/sct;SNOMED-CT
266997008;H/O: gastrointestinal disease;http://snomed.info/sct;SNOMED-CT
267018007;H/O: genital prolapse;http://snomed.info/sct;SNOMED-CT
161488001;H/O: glaucoma;http://snomed.info/sct;SNOMED-CT
161451004;H/O: gout;http://snomed.info/sct;SNOMED-CT
161524000;H/O: hay fever;http://snomed.info/sct;SNOMED-CT
161587009;H/O: head injury;http://snomed.info/sct;SNOMED-CT
161497002;H/O: hearing problem;http://snomed.info/sct;SNOMED-CT
275544003;H/O: heart disorder;http://snomed.info/sct;SNOMED-CT
161505003;H/O: heart failure;http://snomed.info/sct;SNOMED-CT
309634009;H/O: Heart failure in last year;http://snomed.info/sct;SNOMED-CT
391093004;H/O: hip fracture;http://snomed.info/sct;SNOMED-CT
161501007;H/O: hypertension;http://snomed.info/sct;SNOMED-CT
161442007;H/O: hyperthyroidism;http://snomed.info/sct;SNOMED-CT
161443002;H/O: hypothyroidism;http://snomed.info/sct;SNOMED-CT
161413004;H/O: infectious disease;http://snomed.info/sct;SNOMED-CT
161798008;H/O: infertility - female;http://snomed.info/sct;SNOMED-CT
161556007;H/O: infertility - male;http://snomed.info/sct;SNOMED-CT
161586000;H/O: injury;http://snomed.info/sct;SNOMED-CT
161787007;H/O: inter-menstrual bleeding;http://snomed.info/sct;SNOMED-CT
310479003;H/O: iritis;http://snomed.info/sct;SNOMED-CT
161636001;H/O: isocyanate exposure;http://snomed.info/sct;SNOMED-CT
161536006;H/O: jaundice;http://snomed.info/sct;SNOMED-CT
275552000;H/O: kidney disease;http://snomed.info/sct;SNOMED-CT
161547004;H/O: kidney infection;http://snomed.info/sct;SNOMED-CT
275555003;H/O: knee problem;http://snomed.info/sct;SNOMED-CT
161535005;H/O: liver disease;http://snomed.info/sct;SNOMED-CT
161700006;H/O: machine dependence;http://snomed.info/sct;SNOMED-CT
161554005;H/O: male genital disorder;http://snomed.info/sct;SNOMED-CT
266987004;H/O: malignant neoplasm;http://snomed.info/sct;SNOMED-CT
400998002;H/O: manic depressive disorder;http://snomed.info/sct;SNOMED-CT
161419000;H/O: measles;http://snomed.info/sct;SNOMED-CT
161478002;H/O: meningitis;http://snomed.info/sct;SNOMED-CT
161782001;H/O: menorrhagia;http://snomed.info/sct;SNOMED-CT
161779006;H/O: menstrual disorder;http://snomed.info/sct;SNOMED-CT
266991009;H/O: metabolic disorder;http://snomed.info/sct;SNOMED-CT
161481007;H/O: migraine;http://snomed.info/sct;SNOMED-CT
161744009;H/O: miscarriage;http://snomed.info/sct;SNOMED-CT
161614004;H/O: multiple allergies;http://snomed.info/sct;SNOMED-CT
161420006;H/O: mumps;http://snomed.info/sct;SNOMED-CT
267004000;H/O: musculoskeletal disease;http://snomed.info/sct;SNOMED-CT
161503005;H/O: myocardial infarct at greater than 60;http://snomed.info/sct;SNOMED-CT
161502000;H/O: myocardial infarct at less than 60;http://snomed.info/sct;SNOMED-CT
308065005;H/O: Myocardial infarction in last year;http://snomed.info/sct;SNOMED-CT
275905002;H/O: myocardial problem;http://snomed.info/sct;SNOMED-CT
275542004;H/O: Ménière's disease;http://snomed.info/sct;SNOMED-CT
413141003;H/O: needle stick injury;http://snomed.info/sct;SNOMED-CT
275904003;H/O: neoplasm;http://snomed.info/sct;SNOMED-CT
161546008;H/O: nephritis;http://snomed.info/sct;SNOMED-CT
161611007;H/O: non-drug allergy;http://snomed.info/sct;SNOMED-CT
161449003;H/O: nutritional disorder;http://snomed.info/sct;SNOMED-CT
161453001;H/O: obesity;http://snomed.info/sct;SNOMED-CT
161772002;H/O: oral contraceptive usage;http://snomed.info/sct;SNOMED-CT
161568003;H/O: osteoarthritis;http://snomed.info/sct;SNOMED-CT
275531008;H/O: pacemaker in situ;http://snomed.info/sct;SNOMED-CT
267017002;H/O: pelvic infection;http://snomed.info/sct;SNOMED-CT
266998003;H/O: peptic ulcer;http://snomed.info/sct;SNOMED-CT
161583008;H/O: perinatal convulsion;http://snomed.info/sct;SNOMED-CT
161579008;H/O: perinatal problem;http://snomed.info/sct;SNOMED-CT
161422003;H/O: pertussis;http://snomed.info/sct;SNOMED-CT
413154005;H/O: phlebitis;http://snomed.info/sct;SNOMED-CT
161525004;H/O: pneumonia;http://snomed.info/sct;SNOMED-CT
161528002;H/O: pneumothorax;http://snomed.info/sct;SNOMED-CT
161589007;H/O: poisoning;http://snomed.info/sct;SNOMED-CT
161415006;H/O: poliomyelitis;http://snomed.info/sct;SNOMED-CT
161781008;H/O: polymenorrhea;http://snomed.info/sct;SNOMED-CT
161786003;H/O: postcoital bleeding;http://snomed.info/sct;SNOMED-CT
161788002;H/O: postmenopausal bleeding;http://snomed.info/sct;SNOMED-CT
726623007;H/O: postpartum psychosis;http://snomed.info/sct;SNOMED-CT
271903000;H/O: pregnancy;http://snomed.info/sct;SNOMED-CT
161765003;H/O: premature delivery;http://snomed.info/sct;SNOMED-CT
733899004;H/O: previous baby with fetal growth restriction;http://snomed.info/sct;SNOMED-CT
275907005;H/O: procidentia;http://snomed.info/sct;SNOMED-CT
161810005;H/O: prolonged labor;http://snomed.info/sct;SNOMED-CT
161555006;H/O: prostatism;http://snomed.info/sct;SNOMED-CT
161562002;H/O: psoriasis;http://snomed.info/sct;SNOMED-CT
161464003;H/O: psychiatric disorder;http://snomed.info/sct;SNOMED-CT
161472001;H/O: psychological trauma;http://snomed.info/sct;SNOMED-CT
161512007;H/O: pulmonary embolus;http://snomed.info/sct;SNOMED-CT
161461006;H/O: purpura;http://snomed.info/sct;SNOMED-CT
161633009;H/O: radiation exposure;http://snomed.info/sct;SNOMED-CT
161450003;H/O: raised blood lipids;http://snomed.info/sct;SNOMED-CT
407586004;H/O: recreational drug use;http://snomed.info/sct;SNOMED-CT
161549001;H/O: recurrent cystitis;http://snomed.info/sct;SNOMED-CT
161656000;H/O: regular medication;http://snomed.info/sct;SNOMED-CT
390867000;H/O: repeated overdose;http://snomed.info/sct;SNOMED-CT
161701005;H/O: respirator dependence;http://snomed.info/sct;SNOMED-CT
161523006;H/O: respiratory disease;http://snomed.info/sct;SNOMED-CT
161487006;H/O: retinal detachment;http://snomed.info/sct;SNOMED-CT
161500008;H/O: rheumatic fever;http://snomed.info/sct;SNOMED-CT
161567008;H/O: rheumatoid arthritis;http://snomed.info/sct;SNOMED-CT
161632004;H/O: risk factor;http://snomed.info/sct;SNOMED-CT
161421005;H/O: rubella;http://snomed.info/sct;SNOMED-CT
161417003;H/O: scarlatina;http://snomed.info/sct;SNOMED-CT
161468000;H/O: schizophrenia;http://snomed.info/sct;SNOMED-CT
161807003;H/O: severe pre-eclampsia;http://snomed.info/sct;SNOMED-CT
267003006;H/O: sexual function problem;http://snomed.info/sct;SNOMED-CT
161775000;H/O: sheath usage;http://snomed.info/sct;SNOMED-CT
267005004;H/O: significant knee disorder;http://snomed.info/sct;SNOMED-CT
161560005;H/O: skin disorder;http://snomed.info/sct;SNOMED-CT
726597008;H/O: spontaneous onset of labor;http://snomed.info/sct;SNOMED-CT
161743003;H/O: stillbirth;http://snomed.info/sct;SNOMED-CT
161794005;H/O: stress incontinence;http://snomed.info/sct;SNOMED-CT
308067002;H/O: Stroke in last year;http://snomed.info/sct;SNOMED-CT
266996004;H/O: thromboembolism;http://snomed.info/sct;SNOMED-CT
275546001;H/O: thrombosis;http://snomed.info/sct;SNOMED-CT
275536003;H/O: thyroid disorder;http://snomed.info/sct;SNOMED-CT
308068007;H/O: Treatment for ischemic heart disease;http://snomed.info/sct;SNOMED-CT
161482000;H/O: trigeminal neuralgia;http://snomed.info/sct;SNOMED-CT
161414005;H/O: tuberculosis;http://snomed.info/sct;SNOMED-CT
275549008;H/O: ulcerative colitis;http://snomed.info/sct;SNOMED-CT
161551002;H/O: urethral stricture;http://snomed.info/sct;SNOMED-CT
161576001;H/O: urinary anomaly;http://snomed.info/sct;SNOMED-CT
267002001;H/O: urinary disease;http://snomed.info/sct;SNOMED-CT
161548009;H/O: urinary stone;http://snomed.info/sct;SNOMED-CT
726596004;H/O: uterine inversion;http://snomed.info/sct;SNOMED-CT
161509009;H/O: varicose veins;http://snomed.info/sct;SNOMED-CT
391094005;H/O: vertebral fracture;http://snomed.info/sct;SNOMED-CT
275543009;H/O: vertigo;http://snomed.info/sct;SNOMED-CT
161424002;H/O: viral illness;http://snomed.info/sct;SNOMED-CT
161490000;H/O: visual disturbance;http://snomed.info/sct;SNOMED-CT
275553005;H/O:male sex function problem;http://snomed.info/sct;SNOMED-CT
275571003;H/O:sexual problem - female;http://snomed.info/sct;SNOMED-CT
270891002;Had a collapse;http://snomed.info/sct;SNOMED-CT
228393009;Has never injected drugs;http://snomed.info/sct;SNOMED-CT
228368007;Has never misused drugs;http://snomed.info/sct;SNOMED-CT
439720003;Has never shared drug injection equipment;http://snomed.info/sct;SNOMED-CT
161638000;Hepatitis B Occupational risk;http://snomed.info/sct;SNOMED-CT
439956007;History of abnormal cervical Papanicolaou smear;http://snomed.info/sct;SNOMED-CT
313214000;History of abuse;http://snomed.info/sct;SNOMED-CT
1,69E+21;History of acalculous cholecystitis;http://snomed.info/sct;SNOMED-CT
1,38381E+14;History of acoustic neuroma;http://snomed.info/sct;SNOMED-CT
6,90711E+14;History of acquired spondylolisthesis;http://snomed.info/sct;SNOMED-CT
4,8811E+13;History of acromegaly;http://snomed.info/sct;SNOMED-CT
1,361E+12;History of actinic keratosis;http://snomed.info/sct;SNOMED-CT
473114006;History of active tuberculosis;http://snomed.info/sct;SNOMED-CT
1,57533E+17;History of acute angle closure glaucoma;http://snomed.info/sct;SNOMED-CT
1,63609E+16;History of acute febrile mucocutaneous lymph node syndrome;http://snomed.info/sct;SNOMED-CT
4,00347E+17;History of acute leukemia;http://snomed.info/sct;SNOMED-CT
472959005;History of acute lower respiratory tract infection;http://snomed.info/sct;SNOMED-CT
6,76113E+17;History of acute lymphoid leukemia;http://snomed.info/sct;SNOMED-CT
7,9081E+13;History of acute myeloid leukemia;http://snomed.info/sct;SNOMED-CT
1,37971E+14;History of acute renal failure;http://snomed.info/sct;SNOMED-CT
1,67751E+16;History of acute respiratory failure;http://snomed.info/sct;SNOMED-CT
2,85721E+14;History of acute ST segment elevation myocardial infarction;http://snomed.info/sct;SNOMED-CT
429047008;History of adenomatous polyp of colon;http://snomed.info/sct;SNOMED-CT
6,91201E+14;History of adrenal adenoma;http://snomed.info/sct;SNOMED-CT
1,60935E+16;History of adult obesity;http://snomed.info/sct;SNOMED-CT
9,4671E+13;History of adult respiratory distress syndrome;http://snomed.info/sct;SNOMED-CT
414371008;History of agoraphobia;http://snomed.info/sct;SNOMED-CT
371434005;History of alcohol abuse;http://snomed.info/sct;SNOMED-CT
1,141E+12;History of alcohol withdrawal syndrome;http://snomed.info/sct;SNOMED-CT
1,69121E+16;History of alcoholic hepatitis;http://snomed.info/sct;SNOMED-CT
1,30164E+16;History of amaurosis fugax;http://snomed.info/sct;SNOMED-CT
1,66881E+16;History of anal intraepithelial neoplasia III;http://snomed.info/sct;SNOMED-CT
1,08394E+16;History of anaphylaxis;http://snomed.info/sct;SNOMED-CT
275538002;History of anemia;http://snomed.info/sct;SNOMED-CT
161457000;History of anemia vitamin B12 deficient;http://snomed.info/sct;SNOMED-CT
397942001;History of anesthesia problem;http://snomed.info/sct;SNOMED-CT
432250006;History of aneurysm;http://snomed.info/sct;SNOMED-CT
789474004;History of aneurysm of artery of trunk;http://snomed.info/sct;SNOMED-CT
433845004;History of aneurysm of iliac artery;http://snomed.info/sct;SNOMED-CT
789475003;History of aneurysm of peripheral artery;http://snomed.info/sct;SNOMED-CT
1,65427E+16;History of anoxic brain injury;http://snomed.info/sct;SNOMED-CT
161804005;History of antepartum hemorrhage;http://snomed.info/sct;SNOMED-CT
1,61E+21;History of anterior ischemic optic neuropathy;http://snomed.info/sct;SNOMED-CT
440700005;History of aortoiliac atherosclerosis;http://snomed.info/sct;SNOMED-CT
429208004;History of aplastic anemia;http://snomed.info/sct;SNOMED-CT
1,68333E+16;History of arterial thrombosis;http://snomed.info/sct;SNOMED-CT
472975008;History of arteritis;http://snomed.info/sct;SNOMED-CT
1,08243E+16;History of artery embolism;http://snomed.info/sct;SNOMED-CT
1,54081E+14;History of aspiration pneumonia;http://snomed.info/sct;SNOMED-CT
429258006;History of aspirin exacerbated respiratory disease;http://snomed.info/sct;SNOMED-CT
7,3831E+13;History of astrocytoma of brain;http://snomed.info/sct;SNOMED-CT
432218001;History of asymptomatic human immunodeficiency virus infection;http://snomed.info/sct;SNOMED-CT
428448003;History of atopy;http://snomed.info/sct;SNOMED-CT
428076002;History of atrial flutter;http://snomed.info/sct;SNOMED-CT
3,28001E+14;History of atrial myxoma;http://snomed.info/sct;SNOMED-CT
473390005;History of attempted weight loss;http://snomed.info/sct;SNOMED-CT
2,8271E+13;History of attention deficit hyperactivity disorder;http://snomed.info/sct;SNOMED-CT
1,43491E+14;History of atypical hyperplasia of breast;http://snomed.info/sct;SNOMED-CT
1,351E+12;History of atypical nevus;http://snomed.info/sct;SNOMED-CT
472968007;History of autoimmune disorder of endocrine system;http://snomed.info/sct;SNOMED-CT
429217004;History of autoimmune hemolytic anemia;http://snomed.info/sct;SNOMED-CT
699032000;History of awareness under general anesthesia;http://snomed.info/sct;SNOMED-CT
427846005;History of B-cell lymphoma;http://snomed.info/sct;SNOMED-CT
1,19981E+14;History of bacterial infection;http://snomed.info/sct;SNOMED-CT
1,60936E+16;History of Barrett's esophagus;http://snomed.info/sct;SNOMED-CT
6,9411E+13;History of basal cell carcinoma of eyelid;http://snomed.info/sct;SNOMED-CT
161473006;History of behavior problem;http://snomed.info/sct;SNOMED-CT
2,88391E+14;History of being a victim of child physical abuse;http://snomed.info/sct;SNOMED-CT
772993004;History of being in foster care;http://snomed.info/sct;SNOMED-CT
161769009;History of being infant bottle fed;http://snomed.info/sct;SNOMED-CT
1,34481E+14;History of being under immunized;http://snomed.info/sct;SNOMED-CT
2,88371E+14;History of being victim of child abuse;http://snomed.info/sct;SNOMED-CT
161483005;History of Bell's palsy;http://snomed.info/sct;SNOMED-CT
1,10031E+16;History of benign carcinoid neoplasm;http://snomed.info/sct;SNOMED-CT
5,9651E+13;History of benign carcinoid neoplasm of gastrointestinal tract;http://snomed.info/sct;SNOMED-CT
3,47941E+14;History of benign meningioma of brain;http://snomed.info/sct;SNOMED-CT
1,09938E+15;History of benign neoplasm of bone;http://snomed.info/sct;SNOMED-CT
428323002;History of benign neoplasm of brain;http://snomed.info/sct;SNOMED-CT
1,22421E+14;History of benign neoplasm of larynx;http://snomed.info/sct;SNOMED-CT
1,07434E+16;History of benign neoplasm of salivary gland;http://snomed.info/sct;SNOMED-CT
1,56478E+16;History of benign neoplasm of small intestine;http://snomed.info/sct;SNOMED-CT
1,44101E+14;History of benign neoplasm of spinal cord;http://snomed.info/sct;SNOMED-CT
1,60948E+16;History of benign phyllodes neoplasm of breast;http://snomed.info/sct;SNOMED-CT
1,44811E+14;History of benign schwannoma;http://snomed.info/sct;SNOMED-CT
1,68E+21;History of bilateral lung non-small cell carcinoma;http://snomed.info/sct;SNOMED-CT
1,6848E+16;History of bilateral primary malignant neoplasm of kidneys;http://snomed.info/sct;SNOMED-CT
1,68483E+16;History of bilateral primary malignant neoplasm of lungs;http://snomed.info/sct;SNOMED-CT
1,68477E+16;History of bilateral primary malignant neoplasm of ovaries;http://snomed.info/sct;SNOMED-CT
1,68485E+16;History of bilateral primary malignant neoplasm of testes;http://snomed.info/sct;SNOMED-CT
1,68484E+16;History of bilateral primary malignant neoplasm of ureters;http://snomed.info/sct;SNOMED-CT
161581005;History of birth asphyxia;http://snomed.info/sct;SNOMED-CT
289917002;History of bladder neoplasm;http://snomed.info/sct;SNOMED-CT
7,831E+12;History of blood transfusion reaction;http://snomed.info/sct;SNOMED-CT
3,28021E+14;History of bowel obstruction;http://snomed.info/sct;SNOMED-CT
6,90461E+14;History of bradycardia;http://snomed.info/sct;SNOMED-CT
427902001;History of branch retinal vein occlusion;http://snomed.info/sct;SNOMED-CT
473123009;History of bronchiolitis;http://snomed.info/sct;SNOMED-CT
1,26151E+14;History of bulimia nervosa;http://snomed.info/sct;SNOMED-CT
1,21473E+16;History of burn;http://snomed.info/sct;SNOMED-CT
429025008;History of calculus of kidney;http://snomed.info/sct;SNOMED-CT
1,09929E+15;History of cancer metastatic to bone;http://snomed.info/sct;SNOMED-CT
1,09897E+15;History of cancer metastatic to brain;http://snomed.info/sct;SNOMED-CT
1,09895E+15;History of cancer metastatic to liver;http://snomed.info/sct;SNOMED-CT
1,09896E+15;History of cancer metastatic to lung;http://snomed.info/sct;SNOMED-CT
1,09893E+15;History of cancer metastatic to lymph nodes;http://snomed.info/sct;SNOMED-CT
1,09894E+15;History of cancer metastatic to skin;http://snomed.info/sct;SNOMED-CT
7,3771E+13;History of cancer of ampulla of duodenum;http://snomed.info/sct;SNOMED-CT
8,8831E+13;History of cancer of floor of mouth;http://snomed.info/sct;SNOMED-CT
7,3751E+13;History of cancer of gall bladder;http://snomed.info/sct;SNOMED-CT
7,3891E+13;History of cancer of unknown primary site;http://snomed.info/sct;SNOMED-CT
7,3801E+13;History of cancer of urethra;http://snomed.info/sct;SNOMED-CT
1,10019E+16;History of carcinoma in situ of breast;http://snomed.info/sct;SNOMED-CT
1,07388E+16;History of carcinoma in situ of uterine cervix;http://snomed.info/sct;SNOMED-CT
6,90651E+14;History of carcinoma in situ of vulva;http://snomed.info/sct;SNOMED-CT
1204366000;History of carcinoma of duodenum;http://snomed.info/sct;SNOMED-CT
1204445009;History of carcinoma of lip;http://snomed.info/sct;SNOMED-CT
1204365001;History of carcinoma of pancreas;http://snomed.info/sct;SNOMED-CT
1204448006;History of carcinoma of rectosigmoid junction;http://snomed.info/sct;SNOMED-CT
1204447001;History of carcinoma of stomach;http://snomed.info/sct;SNOMED-CT
1186911009;History of carcinoma of tongue;http://snomed.info/sct;SNOMED-CT
6,72291E+14;History of carcinosarcoma of ovary;http://snomed.info/sct;SNOMED-CT
6,72281E+14;History of carcinosarcoma of uterus;http://snomed.info/sct;SNOMED-CT
429007001;History of cardiac arrest;http://snomed.info/sct;SNOMED-CT
1,31471E+14;History of cardiac arrhythmia;http://snomed.info/sct;SNOMED-CT
429235008;History of cardioembolic stroke;http://snomed.info/sct;SNOMED-CT
6,90491E+14;History of cardiomyopathy;http://snomed.info/sct;SNOMED-CT
789642001;History of carotid artery stenosis;http://snomed.info/sct;SNOMED-CT
1,44931E+14;History of carotid body neoplasm;http://snomed.info/sct;SNOMED-CT
472962008;History of cellulitis;http://snomed.info/sct;SNOMED-CT
472966006;History of cellulitis of skin;http://snomed.info/sct;SNOMED-CT
1,06918E+16;History of central serous retinopathy;http://snomed.info/sct;SNOMED-CT
6,90051E+14;History of cerebellar stroke;http://snomed.info/sct;SNOMED-CT
1,68454E+16;History of cerebral aneurysm;http://snomed.info/sct;SNOMED-CT
428267002;History of cerebral hemorrhage;http://snomed.info/sct;SNOMED-CT
275526006;History of cerebrovascular accident;http://snomed.info/sct;SNOMED-CT
1,68969E+16;History of cerebrovascular accident due to ischemia;http://snomed.info/sct;SNOMED-CT
699429007;History of cerebrovascular accident in last eight weeks;http://snomed.info/sct;SNOMED-CT
440140008;History of cerebrovascular accident with residual deficit;http://snomed.info/sct;SNOMED-CT
429993008;History of cerebrovascular accident without residual deficits;http://snomed.info/sct;SNOMED-CT
308064009;History of cerebrovascular disease;http://snomed.info/sct;SNOMED-CT
1,60894E+16;History of chest pain;http://snomed.info/sct;SNOMED-CT
2,88411E+14;History of child sexual abuse;http://snomed.info/sct;SNOMED-CT
4,3991E+13;History of childhood obesity;http://snomed.info/sct;SNOMED-CT
472954000;History of chlamydial infection;http://snomed.info/sct;SNOMED-CT
7,3711E+13;History of cholangiocarcinoma;http://snomed.info/sct;SNOMED-CT
1,62168E+16;History of cholestasis in pregnancy;http://snomed.info/sct;SNOMED-CT
428978004;History of choriocarcinoma of placenta;http://snomed.info/sct;SNOMED-CT
1,60988E+16;History of choroiditis;http://snomed.info/sct;SNOMED-CT
713031009;History of chronic dissection of thoracic aorta;http://snomed.info/sct;SNOMED-CT
414415007;History of chronic lung disease;http://snomed.info/sct;SNOMED-CT
6,3581E+13;History of chronic lymphocytic leukemia;http://snomed.info/sct;SNOMED-CT
270473001;History of chronic obstructive airway disease;http://snomed.info/sct;SNOMED-CT
472953006;History of chronic renal impairment;http://snomed.info/sct;SNOMED-CT
441547007;History of chronic urinary tract infection;http://snomed.info/sct;SNOMED-CT
430545008;History of claudication;http://snomed.info/sct;SNOMED-CT
9,7121E+13;History of closed head injury;http://snomed.info/sct;SNOMED-CT
1,67752E+16;History of coma;http://snomed.info/sct;SNOMED-CT
1,0996E+16;History of combat and operational stress reaction;http://snomed.info/sct;SNOMED-CT
429286003;History of combination internal cardiac defibrillator and pacemaker;http://snomed.info/sct;SNOMED-CT
1156096005;History of complication occurring during labor and delivery;http://snomed.info/sct;SNOMED-CT
1156097001;History of complication of puerperium;http://snomed.info/sct;SNOMED-CT
1,56631E+16;History of concussion injury of brain;http://snomed.info/sct;SNOMED-CT
1,25731E+14;History of congenital absence of germinal epithelium of testes;http://snomed.info/sct;SNOMED-CT
1,25771E+14;History of congenital adrenal hyperplasia;http://snomed.info/sct;SNOMED-CT
275529004;History of congenital disease of hip;http://snomed.info/sct;SNOMED-CT
161577005;History of congenital dislocation of hip;http://snomed.info/sct;SNOMED-CT
1,08281E+14;History of congenital hypospadias;http://snomed.info/sct;SNOMED-CT
709046002;History of congenital vascular malformation;http://snomed.info/sct;SNOMED-CT
161774001;History of contraceptive cap usage;http://snomed.info/sct;SNOMED-CT
420209000;History of contraceptive usage;http://snomed.info/sct;SNOMED-CT
6,81341E+14;History of cornea graft failure;http://snomed.info/sct;SNOMED-CT
1,56479E+16;History of corneal erosion;http://snomed.info/sct;SNOMED-CT
441484007;History of craniopharyngioma;http://snomed.info/sct;SNOMED-CT
1,12561E+14;History of Crohns disease;http://snomed.info/sct;SNOMED-CT
4,9071E+13;History of Cushing disease;http://snomed.info/sct;SNOMED-CT
4,9081E+13;History of Cushing syndrome;http://snomed.info/sct;SNOMED-CT
1,26731E+14;History of cystic dilatation of duct of bulbourethral gland;http://snomed.info/sct;SNOMED-CT
161508001;History of deep vein thrombosis;http://snomed.info/sct;SNOMED-CT
439124004;History of deliberate self neglect;http://snomed.info/sct;SNOMED-CT
1,65358E+16;History of delirium;http://snomed.info/sct;SNOMED-CT
3,2271E+13;History of delivery of macrosomal infant;http://snomed.info/sct;SNOMED-CT
1260014004;History of dental trauma;http://snomed.info/sct;SNOMED-CT
472970003;History of diabetes mellitus type 1;http://snomed.info/sct;SNOMED-CT
472969004;History of diabetes mellitus type 2;http://snomed.info/sct;SNOMED-CT
1,10E+21;History of diabetic foot ulcer;http://snomed.info/sct;SNOMED-CT
433874008;History of diabetic peripheral angiopathy;http://snomed.info/sct;SNOMED-CT
441638006;History of Diamond-Blackfan anemia;http://snomed.info/sct;SNOMED-CT
473107009;History of difficult fitting of intrauterine contraceptive device;http://snomed.info/sct;SNOMED-CT
427958009;History of difficult intubation;http://snomed.info/sct;SNOMED-CT
766035009;History of difficult venous access;http://snomed.info/sct;SNOMED-CT
472961001;History of disorder of connective tissue;http://snomed.info/sct;SNOMED-CT
736726000;History of disorder of digestive system;http://snomed.info/sct;SNOMED-CT
895699003;History of disorder of eye proper;http://snomed.info/sct;SNOMED-CT
895701003;History of disorder of eye region;http://snomed.info/sct;SNOMED-CT
472956003;History of disorder of soft tissue;http://snomed.info/sct;SNOMED-CT
1,80301E+14;History of disorder of vision;http://snomed.info/sct;SNOMED-CT
6,90481E+14;History of dissection of carotid artery;http://snomed.info/sct;SNOMED-CT
720810005;History of dissection of external carotid artery;http://snomed.info/sct;SNOMED-CT
720729008;History of dissection of internal carotid artery;http://snomed.info/sct;SNOMED-CT
8,8701E+13;History of disseminated malignant neoplasm;http://snomed.info/sct;SNOMED-CT
1,18361E+14;History of diverticulitis;http://snomed.info/sct;SNOMED-CT
429746005;History of domestic abuse;http://snomed.info/sct;SNOMED-CT
720428004;History of domestic emotional abuse;http://snomed.info/sct;SNOMED-CT
720411002;History of domestic physical abuse;http://snomed.info/sct;SNOMED-CT
2,93611E+14;History of domestic physical abuse of adult;http://snomed.info/sct;SNOMED-CT
720741001;History of domestic sexual abuse;http://snomed.info/sct;SNOMED-CT
412732008;History of domestic violence;http://snomed.info/sct;SNOMED-CT
371435006;History of drug abuse;http://snomed.info/sct;SNOMED-CT
1,18501E+14;History of drug-induced anaphylaxis;http://snomed.info/sct;SNOMED-CT
8,8811E+13;History of ductal carcinoma in situ of breast;http://snomed.info/sct;SNOMED-CT
161783006;History of dysmenorrhea;http://snomed.info/sct;SNOMED-CT
1,69161E+16;History of dysphagia;http://snomed.info/sct;SNOMED-CT
472967002;History of dysplasia of cervix;http://snomed.info/sct;SNOMED-CT
1,42471E+14;History of dysplasia of vulva;http://snomed.info/sct;SNOMED-CT
1,099E+15;History of dysthymia;http://snomed.info/sct;SNOMED-CT
1,26131E+14;History of eating disorder;http://snomed.info/sct;SNOMED-CT
1,68969E+16;History of embolic cerebrovascular accident;http://snomed.info/sct;SNOMED-CT
1,41831E+14;History of embolic stroke with deficits;http://snomed.info/sct;SNOMED-CT
1,18971E+14;History of embolic stroke without deficits;http://snomed.info/sct;SNOMED-CT
1,56284E+16;History of emergence delirium;http://snomed.info/sct;SNOMED-CT
313217007;History of emotional abuse;http://snomed.info/sct;SNOMED-CT
428287001;History of endocarditis;http://snomed.info/sct;SNOMED-CT
1,30591E+14;History of endometrial hyperplasia;http://snomed.info/sct;SNOMED-CT
1,15451E+14;History of endophthalmitis;http://snomed.info/sct;SNOMED-CT
7,3851E+13;History of ependymoma of brain;http://snomed.info/sct;SNOMED-CT
429010008;History of epidural hematoma;http://snomed.info/sct;SNOMED-CT
1,5913E+16;History of episcleritis;http://snomed.info/sct;SNOMED-CT
1,60891E+16;History of esophageal ulcer;http://snomed.info/sct;SNOMED-CT
1,60937E+16;History of esophageal varices;http://snomed.info/sct;SNOMED-CT
6,91491E+14;History of esophagitis;http://snomed.info/sct;SNOMED-CT
429023001;History of Ewings sarcoma;http://snomed.info/sct;SNOMED-CT
736060002;History of exposure to diethylstilbestrol in utero;http://snomed.info/sct;SNOMED-CT
1,09201E+14;History of exposure to fenfluramine;http://snomed.info/sct;SNOMED-CT
1,10189E+16;History of exposure to hazardous bodily fluids;http://snomed.info/sct;SNOMED-CT
442029006;History of exposure to lead;http://snomed.info/sct;SNOMED-CT
705133000;History of exposure to occupational risk factor;http://snomed.info/sct;SNOMED-CT
699009004;History of exposure to second hand smoke;http://snomed.info/sct;SNOMED-CT
762296001;History of exposure to tobacco smoke in perinatal period;http://snomed.info/sct;SNOMED-CT
1,68809E+16;History of exudative age-related macular degeneration;http://snomed.info/sct;SNOMED-CT
1,68809E+16;History of eyelid ptosis;http://snomed.info/sct;SNOMED-CT
1,60938E+16;History of facial palsy;http://snomed.info/sct;SNOMED-CT
428942009;History of fall;http://snomed.info/sct;SNOMED-CT
441586006;History of Fanconi anemia;http://snomed.info/sct;SNOMED-CT
1,25781E+14;History of febrile urinary tract infection;http://snomed.info/sct;SNOMED-CT
715477006;History of female genital mutilation;http://snomed.info/sct;SNOMED-CT
763017007;History of female infertility due to tubal factor;http://snomed.info/sct;SNOMED-CT
428064002;History of follicular adenocarcinoma of thyroid;http://snomed.info/sct;SNOMED-CT
762616007;History of food allergy;http://snomed.info/sct;SNOMED-CT
762615006;History of food hypersensitivity;http://snomed.info/sct;SNOMED-CT
725942003;History of fourth degree perineal laceration;http://snomed.info/sct;SNOMED-CT
1,37761E+14;History of fracture of hip due to traumatic event;http://snomed.info/sct;SNOMED-CT
1,63009E+16;History of fracture of orbit;http://snomed.info/sct;SNOMED-CT
1,68E+21;History of gangrenous disorder;http://snomed.info/sct;SNOMED-CT
6,91501E+14;History of gastritis;http://snomed.info/sct;SNOMED-CT
7,0861E+13;History of gastroesophageal reflux disease;http://snomed.info/sct;SNOMED-CT
275551007;History of gastrointestinal bleed;http://snomed.info/sct;SNOMED-CT
1,40731E+14;History of gastrointestinal stromal tumor;http://snomed.info/sct;SNOMED-CT
1,60892E+16;History of gastrojejunal ulcer;http://snomed.info/sct;SNOMED-CT
1,62796E+16;History of gastroschisis;http://snomed.info/sct;SNOMED-CT
5,9601E+13;History of germ cell tumor;http://snomed.info/sct;SNOMED-CT
472971004;History of gestational diabetes mellitus;http://snomed.info/sct;SNOMED-CT
709881001;History of gestational hypertension;http://snomed.info/sct;SNOMED-CT
736725001;History of gestational trophoblastic disease;http://snomed.info/sct;SNOMED-CT
3,28201E+14;History of giant cell arteritis;http://snomed.info/sct;SNOMED-CT
407553003;History of glandular fever;http://snomed.info/sct;SNOMED-CT
1,67756E+16;History of glaucoma suspect;http://snomed.info/sct;SNOMED-CT
7,3841E+13;History of glioma of brainstem;http://snomed.info/sct;SNOMED-CT
1,37871E+14;History of Graves' disease;http://snomed.info/sct;SNOMED-CT
1,28731E+14;History of Guillain Barre syndrome;http://snomed.info/sct;SNOMED-CT
271902005;History of gynecological disorder;http://snomed.info/sct;SNOMED-CT
9,3931E+13;History of Haemophilus influenzae type b infection;http://snomed.info/sct;SNOMED-CT
425978000;History of headache;http://snomed.info/sct;SNOMED-CT
428900007;History of headache after dural puncture;http://snomed.info/sct;SNOMED-CT
472955004;History of hearing loss;http://snomed.info/sct;SNOMED-CT
1,17871E+14;History of heart block;http://snomed.info/sct;SNOMED-CT
7,0561E+13;History of heartburn;http://snomed.info/sct;SNOMED-CT
1,56277E+16;History of Helicobacter pylori infection;http://snomed.info/sct;SNOMED-CT
161538007;History of hematemesis;http://snomed.info/sct;SNOMED-CT
161550001;History of hematuria;http://snomed.info/sct;SNOMED-CT
726513006;History of hemolysis-elevated liver enzymes-low platelet count syndrome;http://snomed.info/sct;SNOMED-CT
161458005;History of hemolytic anemia;http://snomed.info/sct;SNOMED-CT
161582003;History of hemolytic disease;http://snomed.info/sct;SNOMED-CT
428951001;History of hemorrhage into ventricle of brain;http://snomed.info/sct;SNOMED-CT
1,41811E+14;History of hemorrhagic cerebrovascular accident with residual deficit;http://snomed.info/sct;SNOMED-CT
1,18961E+14;History of hemorrhagic cerebrovascular accident without residual deficits;http://snomed.info/sct;SNOMED-CT
1,40701E+14;History of hemorrhagic stroke with hemiparesis;http://snomed.info/sct;SNOMED-CT
1,40711E+14;History of hemorrhagic stroke with hemiplegia;http://snomed.info/sct;SNOMED-CT
1,68512E+16;History of hemorrhoid;http://snomed.info/sct;SNOMED-CT
428030001;History of hepatitis A;http://snomed.info/sct;SNOMED-CT
429721005;History of hepatitis B;http://snomed.info/sct;SNOMED-CT
5,9851E+13;History of hepatitis B conferring immunity;http://snomed.info/sct;SNOMED-CT
9,3871E+13;History of hepatitis C;http://snomed.info/sct;SNOMED-CT
4,9101E+13;History of hepatoblastoma;http://snomed.info/sct;SNOMED-CT
4,9111E+13;History of hepatocellular carcinoma;http://snomed.info/sct;SNOMED-CT
1,65E+21;History of herpes simplex keratitis;http://snomed.info/sct;SNOMED-CT
6,81221E+14;History of herpes zoster;http://snomed.info/sct;SNOMED-CT
1,37741E+14;History of hip stress fracture;http://snomed.info/sct;SNOMED-CT
4,9121E+13;History of histiocytosis;http://snomed.info/sct;SNOMED-CT
9,3911E+13;History of histoplasmosis;http://snomed.info/sct;SNOMED-CT
473068004;History of Hodgkin lymphoma;http://snomed.info/sct;SNOMED-CT
309636006;History of hospital admission in last year for hyperglycemic disorder;http://snomed.info/sct;SNOMED-CT
2,93201E+14;History of human papilloma virus infection;http://snomed.info/sct;SNOMED-CT
1,26181E+16;History of hydronephrosis;http://snomed.info/sct;SNOMED-CT
429406003;History of hyperaldosteronism;http://snomed.info/sct;SNOMED-CT
414416008;History of hypercholesterolemia;http://snomed.info/sct;SNOMED-CT
9,7681E+13;History of hypercoagulable state;http://snomed.info/sct;SNOMED-CT
1,56278E+16;History of hyphema;http://snomed.info/sct;SNOMED-CT
1,25711E+14;History of hypospermatogenesis;http://snomed.info/sct;SNOMED-CT
472960000;History of hypotension;http://snomed.info/sct;SNOMED-CT
1,62351E+16;History of idiopathic intracranial hypertension;http://snomed.info/sct;SNOMED-CT
1,07921E+14;History of immune disorder;http://snomed.info/sct;SNOMED-CT
441511006;History of immune thrombocytopenia;http://snomed.info/sct;SNOMED-CT
472973001;History of immunodeficiency disorder;http://snomed.info/sct;SNOMED-CT
428934008;History of inactive tuberculosis;http://snomed.info/sct;SNOMED-CT
725954003;History of induced onset of labor;http://snomed.info/sct;SNOMED-CT
1,06245E+16;History of infection due to vancomycin resistant enterococcus;http://snomed.info/sct;SNOMED-CT
1,69155E+16;History of infection following procedure;http://snomed.info/sct;SNOMED-CT
441576005;History of infectious disease of central nervous system;http://snomed.info/sct;SNOMED-CT
763016003;History of infertility due to endometriosis;http://snomed.info/sct;SNOMED-CT
608844008;History of inflammatory bowel disease;http://snomed.info/sct;SNOMED-CT
789775004;History of influenza;http://snomed.info/sct;SNOMED-CT
699010009;History of inhalant intoxication;http://snomed.info/sct;SNOMED-CT
1,65357E+16;History of injury of eye region;http://snomed.info/sct;SNOMED-CT
1,02191E+14;History of injury of globe of eye;http://snomed.info/sct;SNOMED-CT
1,69168E+16;History of injury of tendon;http://snomed.info/sct;SNOMED-CT
1,68649E+16;History of intracranial hemorrhage;http://snomed.info/sct;SNOMED-CT
1,62167E+16;History of intrauterine fetal death;http://snomed.info/sct;SNOMED-CT
1,64647E+16;History of intravenous drug abuse;http://snomed.info/sct;SNOMED-CT
4,8901E+13;History of invasive malignant neoplasm of breast;http://snomed.info/sct;SNOMED-CT
3,50351E+14;History of inverted papilloma;http://snomed.info/sct;SNOMED-CT
427762006;History of iron deficiency;http://snomed.info/sct;SNOMED-CT
7,0871E+13;History of irritable bowel syndrome;http://snomed.info/sct;SNOMED-CT
1,41821E+14;History of ischemic cerebrovascular accident with residual deficit;http://snomed.info/sct;SNOMED-CT
1,09962E+15;History of ischemic colitis;http://snomed.info/sct;SNOMED-CT
1,41281E+14;History of ischemic stroke without residual deficits;http://snomed.info/sct;SNOMED-CT
161773007;History of IUCD (intrauterine contraceptive device) usage;http://snomed.info/sct;SNOMED-CT
428292004;History of Kaposi's sarcoma;http://snomed.info/sct;SNOMED-CT
9,9051E+13;History of lacunar cerebrovascular accident;http://snomed.info/sct;SNOMED-CT
9,27778E+17;History of langerhans cell histiocytosis;http://snomed.info/sct;SNOMED-CT
3,6068E+17;History of large bowel obstruction;http://snomed.info/sct;SNOMED-CT
1,64102E+16;History of laryngospasm;http://snomed.info/sct;SNOMED-CT
161436008;History of leukemia;http://snomed.info/sct;SNOMED-CT
1,69004E+16;History of lipoma;http://snomed.info/sct;SNOMED-CT
1,37401E+14;History of listeria meningitis;http://snomed.info/sct;SNOMED-CT
726001007;History of live birth;http://snomed.info/sct;SNOMED-CT
1,43481E+14;History of lobular carcinoma in situ;http://snomed.info/sct;SNOMED-CT
3,7251E+13;History of low birth weight;http://snomed.info/sct;SNOMED-CT
1,28131E+14;History of low birth weight status, 2-2.5kg;http://snomed.info/sct;SNOMED-CT
1,28161E+14;History of low birth weight status, less than 500 grams;http://snomed.info/sct;SNOMED-CT
1,16351E+14;History of lower extremity skin ulcer;http://snomed.info/sct;SNOMED-CT
2,93771E+14;History of lower gastrointestinal bleed;http://snomed.info/sct;SNOMED-CT
429423007;History of Lyme disease;http://snomed.info/sct;SNOMED-CT
429125006;History of lymphadenopathy;http://snomed.info/sct;SNOMED-CT
473058009;History of lymphoid leukemia;http://snomed.info/sct;SNOMED-CT
1,52451E+14;History of lymphosarcoma;http://snomed.info/sct;SNOMED-CT
1,65354E+16;History of macular degeneration;http://snomed.info/sct;SNOMED-CT
161416007;History of malaria;http://snomed.info/sct;SNOMED-CT
429031006;History of male erectile disorder;http://snomed.info/sct;SNOMED-CT
1,39621E+14;History of malignant ameloblastoma of mandible;http://snomed.info/sct;SNOMED-CT
428053000;History of malignant basal cell neoplasm of skin;http://snomed.info/sct;SNOMED-CT
1,09954E+16;History of malignant carcinoid tumor of bronchus;http://snomed.info/sct;SNOMED-CT
2,86771E+14;History of malignant carcinoid tumor of colon;http://snomed.info/sct;SNOMED-CT
1,09877E+16;History of malignant carcinoid tumor of kidney;http://snomed.info/sct;SNOMED-CT
2,86791E+14;History of malignant carcinoid tumor of rectum;http://snomed.info/sct;SNOMED-CT
2,86781E+14;History of malignant carcinoid tumor of small intestine;http://snomed.info/sct;SNOMED-CT
1,0988E+16;History of malignant carcinoid tumor of stomach;http://snomed.info/sct;SNOMED-CT
1,09818E+16;History of malignant carcinoid tumor of thymus;http://snomed.info/sct;SNOMED-CT
1,22571E+14;History of malignant cutaneous T-cell lymphoma;http://snomed.info/sct;SNOMED-CT
1,39281E+14;History of malignant germ cell neoplasm of mediastinum;http://snomed.info/sct;SNOMED-CT
1,41951E+14;History of malignant germ cell neoplasm of ovary;http://snomed.info/sct;SNOMED-CT
1,39271E+14;History of malignant germ cell neoplasm of testis;http://snomed.info/sct;SNOMED-CT
699005005;History of malignant hematologic neoplasm;http://snomed.info/sct;SNOMED-CT
429014004;History of malignant lymphoma;http://snomed.info/sct;SNOMED-CT
1,15561E+14;History of malignant melanoma of eye;http://snomed.info/sct;SNOMED-CT
3,21E+11;History of malignant melanoma of the skin;http://snomed.info/sct;SNOMED-CT
4,8951E+13;History of malignant meningeal neoplasm;http://snomed.info/sct;SNOMED-CT
3,47931E+14;History of malignant meningioma of meninges of brain;http://snomed.info/sct;SNOMED-CT
429144004;History of malignant mesothelioma;http://snomed.info/sct;SNOMED-CT
432007009;History of malignant mesothelioma of pleura;http://snomed.info/sct;SNOMED-CT
698298001;History of malignant neoplasm of adrenal gland;http://snomed.info/sct;SNOMED-CT
1,12071E+14;History of malignant neoplasm of anus;http://snomed.info/sct;SNOMED-CT
7,3781E+13;History of malignant neoplasm of appendix;http://snomed.info/sct;SNOMED-CT
415086001;History of malignant neoplasm of bladder;http://snomed.info/sct;SNOMED-CT
429247002;History of malignant neoplasm of bone;http://snomed.info/sct;SNOMED-CT
473059001;History of malignant neoplasm of brain;http://snomed.info/sct;SNOMED-CT
429087003;History of malignant neoplasm of breast;http://snomed.info/sct;SNOMED-CT
415077006;History of malignant neoplasm of bronchus;http://snomed.info/sct;SNOMED-CT
429484003;History of malignant neoplasm of cervix;http://snomed.info/sct;SNOMED-CT
429699009;History of malignant neoplasm of colon;http://snomed.info/sct;SNOMED-CT
5,1271E+13;History of malignant neoplasm of colon and/or rectum;http://snomed.info/sct;SNOMED-CT
7,3791E+13;History of malignant neoplasm of common bile duct;http://snomed.info/sct;SNOMED-CT
1,09956E+16;History of malignant neoplasm of digestive organ;http://snomed.info/sct;SNOMED-CT
1,39611E+14;History of malignant neoplasm of duodenum;http://snomed.info/sct;SNOMED-CT
415078001;History of malignant neoplasm of ear, nose AND/OR throat;http://snomed.info/sct;SNOMED-CT
431572009;History of malignant neoplasm of endocrine gland;http://snomed.info/sct;SNOMED-CT
429089000;History of malignant neoplasm of endometrium;http://snomed.info/sct;SNOMED-CT
429357003;History of malignant neoplasm of epididymis;http://snomed.info/sct;SNOMED-CT
429410000;History of malignant neoplasm of esophagus;http://snomed.info/sct;SNOMED-CT
1,09957E+16;History of malignant neoplasm of external ear;http://snomed.info/sct;SNOMED-CT
1,52891E+14;History of malignant neoplasm of eye;http://snomed.info/sct;SNOMED-CT
1,24361E+14;History of malignant neoplasm of fallopian tube;http://snomed.info/sct;SNOMED-CT
415079009;History of malignant neoplasm of female genital organ;http://snomed.info/sct;SNOMED-CT
415080007;History of malignant neoplasm of gastrointestinal tract;http://snomed.info/sct;SNOMED-CT
8,8851E+13;History of malignant neoplasm of gum;http://snomed.info/sct;SNOMED-CT
431573004;History of malignant neoplasm of head and/or neck;http://snomed.info/sct;SNOMED-CT
7,3721E+13;History of malignant neoplasm of hypopharynx;http://snomed.info/sct;SNOMED-CT
415081006;History of malignant neoplasm of kidney;http://snomed.info/sct;SNOMED-CT
473064002;History of malignant neoplasm of larynx;http://snomed.info/sct;SNOMED-CT
1,09E+21;History of malignant neoplasm of lip;http://snomed.info/sct;SNOMED-CT
473067009;History of malignant neoplasm of liver;http://snomed.info/sct;SNOMED-CT
415082004;History of malignant neoplasm of lung;http://snomed.info/sct;SNOMED-CT
415083009;History of malignant neoplasm of male genital organ;http://snomed.info/sct;SNOMED-CT
428117004;History of malignant neoplasm of mediastinum;http://snomed.info/sct;SNOMED-CT
1,09819E+16;History of malignant neoplasm of middle ear;http://snomed.info/sct;SNOMED-CT
1,09819E+16;History of malignant neoplasm of nasal cavity;http://snomed.info/sct;SNOMED-CT
7,3731E+13;History of malignant neoplasm of nasopharynx;http://snomed.info/sct;SNOMED-CT
434193002;History of malignant neoplasm of neck;http://snomed.info/sct;SNOMED-CT
431691000;History of malignant neoplasm of nervous system;http://snomed.info/sct;SNOMED-CT
473063008;History of malignant neoplasm of oral cavity;http://snomed.info/sct;SNOMED-CT
429090009;History of malignant neoplasm of ovary;http://snomed.info/sct;SNOMED-CT
7,3761E+13;History of malignant neoplasm of pancreas;http://snomed.info/sct;SNOMED-CT
6,91371E+14;History of malignant neoplasm of parotid gland;http://snomed.info/sct;SNOMED-CT
428880006;History of malignant neoplasm of penis;http://snomed.info/sct;SNOMED-CT
8,8591E+13;History of malignant neoplasm of peritoneum;http://snomed.info/sct;SNOMED-CT
8,5851E+13;History of malignant neoplasm of pharynx;http://snomed.info/sct;SNOMED-CT
429355006;History of malignant neoplasm of pleura;http://snomed.info/sct;SNOMED-CT
428262008;History of malignant neoplasm of prostate;http://snomed.info/sct;SNOMED-CT
429084005;History of malignant neoplasm of rectum;http://snomed.info/sct;SNOMED-CT
700239008;History of malignant neoplasm of renal pelvis;http://snomed.info/sct;SNOMED-CT
8,8621E+13;History of malignant neoplasm of retroperitoneum;http://snomed.info/sct;SNOMED-CT
7,3741E+13;History of malignant neoplasm of salivary gland;http://snomed.info/sct;SNOMED-CT
429050006;History of malignant neoplasm of skin;http://snomed.info/sct;SNOMED-CT
443895001;History of malignant neoplasm of skin excluding melanoma;http://snomed.info/sct;SNOMED-CT
428833003;History of malignant neoplasm of small bowel;http://snomed.info/sct;SNOMED-CT
432327003;History of malignant neoplasm of spinal cord;http://snomed.info/sct;SNOMED-CT
473061005;History of malignant neoplasm of stomach;http://snomed.info/sct;SNOMED-CT
473066000;History of malignant neoplasm of testis;http://snomed.info/sct;SNOMED-CT
428878000;History of malignant neoplasm of thoracic cavity structure;http://snomed.info/sct;SNOMED-CT
427918007;History of malignant neoplasm of thymus;http://snomed.info/sct;SNOMED-CT
429254008;History of malignant neoplasm of thyroid;http://snomed.info/sct;SNOMED-CT
429409005;History of malignant neoplasm of tongue;http://snomed.info/sct;SNOMED-CT
8,8801E+13;History of malignant neoplasm of tonsil;http://snomed.info/sct;SNOMED-CT
415085002;History of malignant neoplasm of trachea;http://snomed.info/sct;SNOMED-CT
429444007;History of malignant neoplasm of ureter;http://snomed.info/sct;SNOMED-CT
415087005;History of malignant neoplasm of urinary system;http://snomed.info/sct;SNOMED-CT
428944005;History of malignant neoplasm of uterine adnexa;http://snomed.info/sct;SNOMED-CT
428941002;History of malignant neoplasm of uterine body;http://snomed.info/sct;SNOMED-CT
427844008;History of malignant neoplasm of vagina;http://snomed.info/sct;SNOMED-CT
429635001;History of malignant neoplasm of vulva;http://snomed.info/sct;SNOMED-CT
1,61E+21;History of malignant phyllodes neoplasm of breast;http://snomed.info/sct;SNOMED-CT
472972006;History of maturity onset diabetes mellitus in young;http://snomed.info/sct;SNOMED-CT
429016002;History of medullary carcinoma of thyroid;http://snomed.info/sct;SNOMED-CT
7,3861E+13;History of medulloblastoma of brain;http://snomed.info/sct;SNOMED-CT
1,251E+12;History of melanoma in situ of skin;http://snomed.info/sct;SNOMED-CT
161539004;History of melena;http://snomed.info/sct;SNOMED-CT
1,12101E+14;History of meningioma;http://snomed.info/sct;SNOMED-CT
1,38141E+14;History of merkel cell carcinoma;http://snomed.info/sct;SNOMED-CT
709313000;History of methicillin resistant Staphylococcus aureus infection;http://snomed.info/sct;SNOMED-CT
473111003;History of microalbuminuria;http://snomed.info/sct;SNOMED-CT
608837004;History of migraine with aura;http://snomed.info/sct;SNOMED-CT
1187601005;History of military deployment;http://snomed.info/sct;SNOMED-CT
1,62168E+16;History of molar pregnancy;http://snomed.info/sct;SNOMED-CT
1,29089E+15;History of monkeypox;http://snomed.info/sct;SNOMED-CT
427920005;History of monocytic leukemia;http://snomed.info/sct;SNOMED-CT
429124005;History of mood disorder;http://snomed.info/sct;SNOMED-CT
1,20481E+14;History of multiple myeloma;http://snomed.info/sct;SNOMED-CT
1,65243E+16;History of myalgia caused by statin;http://snomed.info/sct;SNOMED-CT
6,81291E+14;History of mycosis fungoides;http://snomed.info/sct;SNOMED-CT
1,52861E+14;History of myeloid leukemia;http://snomed.info/sct;SNOMED-CT
399211009;History of myocardial infarction;http://snomed.info/sct;SNOMED-CT
3,87786E+17;History of myocardial infarction due to atherothrombotic coronary artery disease;http://snomed.info/sct;SNOMED-CT
7,7622E+17;History of myocardial infarction due to demand ischemia;http://snomed.info/sct;SNOMED-CT
4,61E+11;History of myocardial infarction in last eight weeks;http://snomed.info/sct;SNOMED-CT
6,81211E+14;History of myocarditis;http://snomed.info/sct;SNOMED-CT
1204446005;History of nasopharyngeal carcinoma;http://snomed.info/sct;SNOMED-CT
8,2991E+13;History of negative cervical Papanicolaou smear performed within last 12 months;http://snomed.info/sct;SNOMED-CT
414372001;History of neonatal abstinence syndrome;http://snomed.info/sct;SNOMED-CT
1,10129E+16;History of neoplasm of low malignant potential behavior of ovary;http://snomed.info/sct;SNOMED-CT
4,9201E+13;History of neoplasm of pituitary gland;http://snomed.info/sct;SNOMED-CT
1,09822E+16;History of neoplasm of uncertain behavior;http://snomed.info/sct;SNOMED-CT
429105007;History of nephroblastoma;http://snomed.info/sct;SNOMED-CT
9,0171E+13;History of nephrotic syndrome;http://snomed.info/sct;SNOMED-CT
3,2451E+13;History of nervous system disorder;http://snomed.info/sct;SNOMED-CT
432745001;History of neuroblastoma;http://snomed.info/sct;SNOMED-CT
442414004;History of neurodevelopmental disorder;http://snomed.info/sct;SNOMED-CT
1,34461E+14;History of neuroendocrine malignant neoplasm;http://snomed.info/sct;SNOMED-CT
4,9191E+13;History of neutropenia;http://snomed.info/sct;SNOMED-CT
1,42881E+14;History of nocturnal hypoglycemia;http://snomed.info/sct;SNOMED-CT
8,5881E+13;History of non central nervous system primitive neuroectodermal tumor;http://snomed.info/sct;SNOMED-CT
428046009;History of non-Hodgkins lymphoma;http://snomed.info/sct;SNOMED-CT
429226001;History of non-small cell malignant neoplasm of lung;http://snomed.info/sct;SNOMED-CT
698593009;History of non-ST segment elevation myocardial infarction;http://snomed.info/sct;SNOMED-CT
473057004;History of noncompliance with medication regimen;http://snomed.info/sct;SNOMED-CT
1,68909E+16;History of nonproliferative diabetic retinopathy;http://snomed.info/sct;SNOMED-CT
6,90071E+14;History of nontraumatic ruptured cerebral aneurysm;http://snomed.info/sct;SNOMED-CT
427956008;History of normal menopause;http://snomed.info/sct;SNOMED-CT
715200006;History of novel psychoactive substance misuse;http://snomed.info/sct;SNOMED-CT
8,0541E+13;History of nutritional deficiency;http://snomed.info/sct;SNOMED-CT
1,65355E+16;History of nystagmus;http://snomed.info/sct;SNOMED-CT
1,62796E+16;History of occlusion of branch retinal artery;http://snomed.info/sct;SNOMED-CT
432160005;History of occlusion of central retinal artery;http://snomed.info/sct;SNOMED-CT
432006000;History of occlusion of central retinal vein;http://snomed.info/sct;SNOMED-CT
431310008;History of occlusion of cerebral artery;http://snomed.info/sct;SNOMED-CT
433807000;History of occlusion of cerebral artery without cerebral infarction;http://snomed.info/sct;SNOMED-CT
430301009;History of occlusive disease of artery of lower extremity;http://snomed.info/sct;SNOMED-CT
430305000;History of occlusive disease of artery of upper extremity;http://snomed.info/sct;SNOMED-CT
1,65405E+16;History of ocular zoster;http://snomed.info/sct;SNOMED-CT
1,09906E+15;History of odontogenic keratocyst;http://snomed.info/sct;SNOMED-CT
1,06821E+14;History of oligodendroglioma of brain;http://snomed.info/sct;SNOMED-CT
9,7131E+13;History of open head injury;http://snomed.info/sct;SNOMED-CT
1,65353E+16;History of optic atrophy;http://snomed.info/sct;SNOMED-CT
1,30163E+16;History of optic neuritis;http://snomed.info/sct;SNOMED-CT
473108004;History of osteomyelitis;http://snomed.info/sct;SNOMED-CT
473442002;History of osteopenia;http://snomed.info/sct;SNOMED-CT
473337006;History of osteopenia resolved;http://snomed.info/sct;SNOMED-CT
473120007;History of osteoporosis;http://snomed.info/sct;SNOMED-CT
473342003;History of osteoporosis resolved;http://snomed.info/sct;SNOMED-CT
1,39461E+14;History of osteoporotic fracture;http://snomed.info/sct;SNOMED-CT
428052005;History of osteosarcoma;http://snomed.info/sct;SNOMED-CT
9,34589E+17;History of otitis externa;http://snomed.info/sct;SNOMED-CT
427836008;History of otitis media;http://snomed.info/sct;SNOMED-CT
1,42021E+14;History of Paget disease of vulva;http://snomed.info/sct;SNOMED-CT
1,43351E+14;History of Paget's disease of breast;http://snomed.info/sct;SNOMED-CT
789064006;History of pain at rest due to peripheral vascular disease;http://snomed.info/sct;SNOMED-CT
472957007;History of pain of multiple joints;http://snomed.info/sct;SNOMED-CT
473122004;History of palpitations;http://snomed.info/sct;SNOMED-CT
8,5921E+13;History of pancreatitis;http://snomed.info/sct;SNOMED-CT
429255009;History of papillary adenocarcinoma of thyroid;http://snomed.info/sct;SNOMED-CT
1,09882E+16;History of parasitic disease;http://snomed.info/sct;SNOMED-CT
9,7531E+13;History of parietal cerebrovascular accident;http://snomed.info/sct;SNOMED-CT
1,31461E+14;History of paroxysmal atrial tachycardia;http://snomed.info/sct;SNOMED-CT
2,85731E+14;History of paroxysmal supraventricular tachycardia;http://snomed.info/sct;SNOMED-CT
9,8241E+13;History of partial adherence to treatment;http://snomed.info/sct;SNOMED-CT
1,23361E+14;History of pathological fracture;http://snomed.info/sct;SNOMED-CT
1,37771E+14;History of pathological hip fracture;http://snomed.info/sct;SNOMED-CT
1,37751E+14;History of pathological vertebral fracture;http://snomed.info/sct;SNOMED-CT
771412001;History of pelvic inflammatory disease;http://snomed.info/sct;SNOMED-CT
2,93581E+14;History of penis injury;http://snomed.info/sct;SNOMED-CT
3,50391E+14;History of perforated tympanic membrane;http://snomed.info/sct;SNOMED-CT
2,85741E+14;History of pericarditis;http://snomed.info/sct;SNOMED-CT
161584002;History of perinatal cerebral irritability;http://snomed.info/sct;SNOMED-CT
1,57589E+16;History of perineal laceration;http://snomed.info/sct;SNOMED-CT
431545001;History of peripheral arterial occlusive disease;http://snomed.info/sct;SNOMED-CT
789544005;History of peripheral ischemia;http://snomed.info/sct;SNOMED-CT
473109007;History of peripheral vascular disease;http://snomed.info/sct;SNOMED-CT
439589003;History of peritonsillar abscess;http://snomed.info/sct;SNOMED-CT
4,9221E+13;History of pheochromocytoma;http://snomed.info/sct;SNOMED-CT
313215004;History of physical abuse;http://snomed.info/sct;SNOMED-CT
6,91191E+14;History of pituitary adenoma;http://snomed.info/sct;SNOMED-CT
725950007;History of placenta accreta;http://snomed.info/sct;SNOMED-CT
725924008;History of placenta previa;http://snomed.info/sct;SNOMED-CT
789776003;History of placental abruption;http://snomed.info/sct;SNOMED-CT
1,881E+12;History of plasmacytoma;http://snomed.info/sct;SNOMED-CT
1,07435E+16;History of pleomorphic adenoma of salivary gland;http://snomed.info/sct;SNOMED-CT
700236001;History of pleural effusion;http://snomed.info/sct;SNOMED-CT
9,3961E+13;History of pneumococcal infection;http://snomed.info/sct;SNOMED-CT
473113000;History of polymyalgia rheumatica;http://snomed.info/sct;SNOMED-CT
428283002;History of polyp of colon;http://snomed.info/sct;SNOMED-CT
735934008;History of poor personal hygiene;http://snomed.info/sct;SNOMED-CT
5,9701E+13;History of portal hypertension;http://snomed.info/sct;SNOMED-CT
428608003;History of positive Toxoplasma gondii antibody;http://snomed.info/sct;SNOMED-CT
1,64099E+16;History of posterior ischemic optic neuropathy;http://snomed.info/sct;SNOMED-CT
1,66157E+16;History of posterior vitreous detachment;http://snomed.info/sct;SNOMED-CT
1,69161E+16;History of postpartum gestational hypertension;http://snomed.info/sct;SNOMED-CT
161809000;History of postpartum hemorrhage;http://snomed.info/sct;SNOMED-CT
1,05651E+14;History of pre-eclampsia;http://snomed.info/sct;SNOMED-CT
1,5011E+13;History of pregnancy loss in non-pregnant woman;http://snomed.info/sct;SNOMED-CT
1156099003;History of pregnancy with abnormal glucose tolerance test;http://snomed.info/sct;SNOMED-CT
713651007;History of pregnancy with abortive outcome;http://snomed.info/sct;SNOMED-CT
1156101005;History of pregnancy with normal glucose tolerance test;http://snomed.info/sct;SNOMED-CT
441493008;History of premature labor;http://snomed.info/sct;SNOMED-CT
1,38091E+14;History of prematurity;http://snomed.info/sct;SNOMED-CT
421711004;History of pressure injury;http://snomed.info/sct;SNOMED-CT
1,08951E+14;History of preterm premature rupture of membranes;http://snomed.info/sct;SNOMED-CT
789395008;History of primary cutaneous lymphoma;http://snomed.info/sct;SNOMED-CT
4,9231E+13;History of primary hyperparathyroidism;http://snomed.info/sct;SNOMED-CT
1,68487E+16;History of primary malignant neoplasm of anterior wall of urinary bladder;http://snomed.info/sct;SNOMED-CT
1,6895E+16;History of primary malignant neoplasm of base of tongue;http://snomed.info/sct;SNOMED-CT
1,68488E+16;History of primary malignant neoplasm of dome of urinary bladder;http://snomed.info/sct;SNOMED-CT
1,321E+12;History of primary malignant neoplasm of larynx;http://snomed.info/sct;SNOMED-CT
1,68489E+16;History of primary malignant neoplasm of lateral wall of urinary bladder;http://snomed.info/sct;SNOMED-CT
1,6848E+16;History of primary malignant neoplasm of left kidney;http://snomed.info/sct;SNOMED-CT
1,68481E+16;History of primary malignant neoplasm of left lung;http://snomed.info/sct;SNOMED-CT
1,68E+21;History of primary malignant neoplasm of left ovary;http://snomed.info/sct;SNOMED-CT
1,68484E+16;History of primary malignant neoplasm of left testis;http://snomed.info/sct;SNOMED-CT
1,68E+21;History of primary malignant neoplasm of left ureter;http://snomed.info/sct;SNOMED-CT
1,68489E+16;History of primary malignant neoplasm of neck of urinary bladder;http://snomed.info/sct;SNOMED-CT
1,311E+12;History of primary malignant neoplasm of oropharynx;http://snomed.info/sct;SNOMED-CT
1,68489E+16;History of primary malignant neoplasm of posterior wall of urinary bladder;http://snomed.info/sct;SNOMED-CT
1,68478E+16;History of primary malignant neoplasm of right kidney;http://snomed.info/sct;SNOMED-CT
1,68E+21;History of primary malignant neoplasm of right lung;http://snomed.info/sct;SNOMED-CT
1,68478E+16;History of primary malignant neoplasm of right ovary;http://snomed.info/sct;SNOMED-CT
1,68485E+16;History of primary malignant neoplasm of right testis;http://snomed.info/sct;SNOMED-CT
1,68483E+16;History of primary malignant neoplasm of right ureter;http://snomed.info/sct;SNOMED-CT
765378003;History of primary malignant neoplasm of skin;http://snomed.info/sct;SNOMED-CT
1,301E+12;History of primary malignant neoplasm of testis;http://snomed.info/sct;SNOMED-CT
1,68E+20;History of primary malignant neoplasm of trigone of urinary bladder;http://snomed.info/sct;SNOMED-CT
1,68488E+16;History of primary malignant neoplasm of urachus;http://snomed.info/sct;SNOMED-CT
1,68487E+16;History of primary malignant neoplasm of ureteric orifice;http://snomed.info/sct;SNOMED-CT
1,68482E+16;History of primary non-small cell carcinoma of left lung;http://snomed.info/sct;SNOMED-CT
1,68481E+16;History of primary non-small cell carcinoma of right lung;http://snomed.info/sct;SNOMED-CT
6,19792E+17;History of primary small cell carcinoma of lung;http://snomed.info/sct;SNOMED-CT
1,68E+21;History of primary transitional cell carcinoma of left kidney;http://snomed.info/sct;SNOMED-CT
1,68479E+16;History of primary transitional cell carcinoma of right kidney;http://snomed.info/sct;SNOMED-CT
699029003;History of primitive neuroectodermal tumor;http://snomed.info/sct;SNOMED-CT
4,9241E+13;History of prolactinoma;http://snomed.info/sct;SNOMED-CT
1,68909E+16;History of proliferative retinopathy due to diabetes mellitus;http://snomed.info/sct;SNOMED-CT
1,25791E+14;History of prostatic cyst;http://snomed.info/sct;SNOMED-CT
1,09882E+16;History of prostatic dysplasia;http://snomed.info/sct;SNOMED-CT
6,81201E+14;History of prostatitis;http://snomed.info/sct;SNOMED-CT
473110002;History of proteinuria;http://snomed.info/sct;SNOMED-CT
5,9711E+13;History of pseudoaneurysm;http://snomed.info/sct;SNOMED-CT
1,07615E+16;History of pulmonary embolism on long-term anticoagulation therapy;http://snomed.info/sct;SNOMED-CT
1,60891E+16;History of pyloric channel ulcer;http://snomed.info/sct;SNOMED-CT
473089008;History of recent air travel;http://snomed.info/sct;SNOMED-CT
473087005;History of recent cruise travel;http://snomed.info/sct;SNOMED-CT
1,68857E+16;History of rectal bleeding;http://snomed.info/sct;SNOMED-CT
1,60892E+16;History of rectal ulcer;http://snomed.info/sct;SNOMED-CT
1,09879E+16;History of rectosigmoid junction cancer;http://snomed.info/sct;SNOMED-CT
1,41911E+14;History of recurrent deep vein thrombosis;http://snomed.info/sct;SNOMED-CT
429716007;History of recurrent dislocation of hip joint prosthesis;http://snomed.info/sct;SNOMED-CT
473062003;History of recurrent malignant neoplasm of breast;http://snomed.info/sct;SNOMED-CT
699015004;History of recurrent pneumonia;http://snomed.info/sct;SNOMED-CT
439142009;History of recurrent tonsillitis;http://snomed.info/sct;SNOMED-CT
473116008;History of recurrent urinary tract infection;http://snomed.info/sct;SNOMED-CT
161792009;History of recurrent vaginal discharge;http://snomed.info/sct;SNOMED-CT
414417004;History of renal failure;http://snomed.info/sct;SNOMED-CT
7,3901E+13;History of renal insufficiency;http://snomed.info/sct;SNOMED-CT
725948004;History of retained placenta;http://snomed.info/sct;SNOMED-CT
1,08521E+14;History of reticulosarcoma;http://snomed.info/sct;SNOMED-CT
1,30163E+16;History of retinal edema;http://snomed.info/sct;SNOMED-CT
1,65E+21;History of retinal hemorrhage;http://snomed.info/sct;SNOMED-CT
1,65356E+16;History of retinitis pigmentosa;http://snomed.info/sct;SNOMED-CT
9,7641E+13;History of retinoblastoma;http://snomed.info/sct;SNOMED-CT
1,65199E+16;History of retinopathy of prematurity;http://snomed.info/sct;SNOMED-CT
1,65243E+16;History of rhabdomyolysis due to statin;http://snomed.info/sct;SNOMED-CT
7,3881E+13;History of rhabdomyosarcoma;http://snomed.info/sct;SNOMED-CT
428309004;History of RhD negative;http://snomed.info/sct;SNOMED-CT
1156098006;History of Rhesus isoimmunization affecting pregnancy;http://snomed.info/sct;SNOMED-CT
1,69168E+16;History of rupture of Achilles tendon;http://snomed.info/sct;SNOMED-CT
2,92508E+17;History of SARS-CoV-2;http://snomed.info/sct;SNOMED-CT
1,64754E+16;History of Schatzkis ring;http://snomed.info/sct;SNOMED-CT
1,38741E+14;History of sebaceous adenoma;http://snomed.info/sct;SNOMED-CT
1,38731E+14;History of sebaceous carcinoma;http://snomed.info/sct;SNOMED-CT
725943008;History of second degree perineal laceration;http://snomed.info/sct;SNOMED-CT
1,36611E+14;History of sepsis;http://snomed.info/sct;SNOMED-CT
1,12031E+14;History of severe nausea and vomiting following administration of anesthetic agent;http://snomed.info/sct;SNOMED-CT
1,41961E+14;History of sex cord stromal tumor of ovary;http://snomed.info/sct;SNOMED-CT
313216003;History of sexual abuse;http://snomed.info/sct;SNOMED-CT
3,4441E+13;History of sexual behavior with high risk of exposure to communicable disease;http://snomed.info/sct;SNOMED-CT
275881005;History of sexually transmitted disease;http://snomed.info/sct;SNOMED-CT
1208622001;History of short umbilical cord;http://snomed.info/sct;SNOMED-CT
816150000;History of shoulder dystocia;http://snomed.info/sct;SNOMED-CT
1,17881E+14;History of sick sinus syndrome;http://snomed.info/sct;SNOMED-CT
441482006;History of sickle cell anemia;http://snomed.info/sct;SNOMED-CT
703151001;History of single seizure;http://snomed.info/sct;SNOMED-CT
1,52711E+14;History of skin and/or subcutaneous tissue disease;http://snomed.info/sct;SNOMED-CT
420697001;History of skin ulcer;http://snomed.info/sct;SNOMED-CT
772995006;History of sleeping out;http://snomed.info/sct;SNOMED-CT
3,1103E+17;History of small bowel obstruction;http://snomed.info/sct;SNOMED-CT
5,9801E+13;History of small vessel disease due to diabetes mellitus;http://snomed.info/sct;SNOMED-CT
4,9291E+13;History of soft tissue sarcoma;http://snomed.info/sct;SNOMED-CT
432220003;History of spinal cord infarct;http://snomed.info/sct;SNOMED-CT
6,0681E+13;History of spinal cord injury;http://snomed.info/sct;SNOMED-CT
441494002;History of splenomegaly;http://snomed.info/sct;SNOMED-CT
6,9551E+13;History of squamous cell carcinoma;http://snomed.info/sct;SNOMED-CT
9,7631E+13;History of squamous cell carcinoma in situ;http://snomed.info/sct;SNOMED-CT
429024007;History of squamous cell carcinoma of skin;http://snomed.info/sct;SNOMED-CT
430168009;History of stable aneurysm of abdominal aorta;http://snomed.info/sct;SNOMED-CT
1,65357E+16;History of strabismus;http://snomed.info/sct;SNOMED-CT
1,23351E+14;History of stress fracture;http://snomed.info/sct;SNOMED-CT
1,69155E+16;History of stricture of esophagus;http://snomed.info/sct;SNOMED-CT
1,43341E+14;History of stromal sarcoma of endometrium;http://snomed.info/sct;SNOMED-CT
161515009;History of subarachnoid hemorrhage;http://snomed.info/sct;SNOMED-CT
428275008;History of subdural hematoma;http://snomed.info/sct;SNOMED-CT
371422002;History of substance abuse;http://snomed.info/sct;SNOMED-CT
1254976004;History of substance dependency;http://snomed.info/sct;SNOMED-CT
3,6511E+13;History of suspected exposure to biological agent;http://snomed.info/sct;SNOMED-CT
428340006;History of sustained ventricular fibrillation;http://snomed.info/sct;SNOMED-CT
429046004;History of sustained ventricular tachycardia;http://snomed.info/sct;SNOMED-CT
6,74191E+14;History of syncope;http://snomed.info/sct;SNOMED-CT
1,08715E+15;History of syphilis;http://snomed.info/sct;SNOMED-CT
428984001;History of tear of retina;http://snomed.info/sct;SNOMED-CT
427040000;History of testicular disorder;http://snomed.info/sct;SNOMED-CT
725941005;History of third degree perineal laceration;http://snomed.info/sct;SNOMED-CT
5,9721E+13;History of thoracoabdominal aortic aneurysm;http://snomed.info/sct;SNOMED-CT
439627005;History of threatening violent behavior toward others;http://snomed.info/sct;SNOMED-CT
4,9341E+13;History of thrombocytopenia;http://snomed.info/sct;SNOMED-CT
428904003;History of thromboembolism of vein;http://snomed.info/sct;SNOMED-CT
441882000;History of thrombophilia;http://snomed.info/sct;SNOMED-CT
430080003;History of thrombophlebitis;http://snomed.info/sct;SNOMED-CT
1,18951E+14;History of thrombotic stroke without residual deficits;http://snomed.info/sct;SNOMED-CT
8,5931E+13;History of tobacco use in remission less than 12 months;http://snomed.info/sct;SNOMED-CT
472958002;History of tonsillitis;http://snomed.info/sct;SNOMED-CT
6,90731E+14;History of torsades de pointe caused by drug;http://snomed.info/sct;SNOMED-CT
1,09886E+15;History of torsades type ventricular tachycardia due to prolonged QT interval;http://snomed.info/sct;SNOMED-CT
1,09211E+14;History of toxic inhalation exposure;http://snomed.info/sct;SNOMED-CT
1,43591E+14;History of toxoplasmosis;http://snomed.info/sct;SNOMED-CT
5,9641E+13;History of tracheoesophageal fistula;http://snomed.info/sct;SNOMED-CT
161511000;History of transient ischemic attack;http://snomed.info/sct;SNOMED-CT
1,40221E+14;History of transient ischemic attack due to embolism;http://snomed.info/sct;SNOMED-CT
1,40491E+14;History of transitional cell carcinoma of kidney;http://snomed.info/sct;SNOMED-CT
8,8611E+13;History of traumatic brain injury;http://snomed.info/sct;SNOMED-CT
1,37731E+14;History of traumatic vertebral fracture;http://snomed.info/sct;SNOMED-CT
3,4451E+13;History of travel with high risk of exposure to communicable disease;http://snomed.info/sct;SNOMED-CT
9,4001E+13;History of typhoid;http://snomed.info/sct;SNOMED-CT
9,9021E+13;History of undescended testes;http://snomed.info/sct;SNOMED-CT
312489007;History of upper gastrointestinal tract hemorrhage;http://snomed.info/sct;SNOMED-CT
1,37961E+14;History of ureteral obstruction;http://snomed.info/sct;SNOMED-CT
1,25701E+14;History of urethral cyst;http://snomed.info/sct;SNOMED-CT
1,25981E+14;History of urethral parameatal cyst;http://snomed.info/sct;SNOMED-CT
1,25961E+14;History of urethrocutaneous fistula;http://snomed.info/sct;SNOMED-CT
1,201E+12;History of urinary tract infection;http://snomed.info/sct;SNOMED-CT
1,10129E+16;History of urticaria;http://snomed.info/sct;SNOMED-CT
473093002;History of use of depot contraception;http://snomed.info/sct;SNOMED-CT
473099003;History of use of hormone releasing intrauterine device contraception;http://snomed.info/sct;SNOMED-CT
473103008;History of use of postcoital contraception;http://snomed.info/sct;SNOMED-CT
473102003;History of use of progestogen only oral contraceptive;http://snomed.info/sct;SNOMED-CT
473096005;History of use of symptothermal method of contraception;http://snomed.info/sct;SNOMED-CT
473097001;History of use of withdrawal method of contraception;http://snomed.info/sct;SNOMED-CT
783680006;History of uterine laceration;http://snomed.info/sct;SNOMED-CT
1,60989E+16;History of uveitis;http://snomed.info/sct;SNOMED-CT
1,42461E+14;History of vaginal intraepithelial neoplasia;http://snomed.info/sct;SNOMED-CT
472974007;History of vasculitis;http://snomed.info/sct;SNOMED-CT
1237120008;History of venous ulcer of lower leg;http://snomed.info/sct;SNOMED-CT
1237121007;History of venous ulcer of lower limb;http://snomed.info/sct;SNOMED-CT
473118009;History of ventricular septal defect;http://snomed.info/sct;SNOMED-CT
1,37721E+14;History of vertebral stress fracture;http://snomed.info/sct;SNOMED-CT
429032004;History of vesicoureteric reflux;http://snomed.info/sct;SNOMED-CT
1,56478E+16;History of villous adenoma of duodenum;http://snomed.info/sct;SNOMED-CT
440234007;History of violent behavior toward others;http://snomed.info/sct;SNOMED-CT
473117004;History of viral hepatitis;http://snomed.info/sct;SNOMED-CT
5,9741E+13;History of visceral aneurysm;http://snomed.info/sct;SNOMED-CT
428863007;History of vitreous floater;http://snomed.info/sct;SNOMED-CT
1,64685E+16;History of Zika virus infection;http://snomed.info/sct;SNOMED-CT
161637005;Insurance refused - medical reasons;http://snomed.info/sct;SNOMED-CT
1187610002;Left military service;http://snomed.info/sct;SNOMED-CT
445585003;Livebirth born before admission to hospital;http://snomed.info/sct;SNOMED-CT
442311008;Liveborn born in hospital;http://snomed.info/sct;SNOMED-CT
442365008;Liveborn born in hospital by cesarean section;http://snomed.info/sct;SNOMED-CT
1187609007;Medically discharged from military service;http://snomed.info/sct;SNOMED-CT
394989007;Missed childhood immunizations;http://snomed.info/sct;SNOMED-CT
315604002;Missed contraceptive pill;http://snomed.info/sct;SNOMED-CT
1,60897E+16;Multiple liveborn in hospital by vaginal delivery;http://snomed.info/sct;SNOMED-CT
717807001;Multiple liveborn other than twins born in hospital;http://snomed.info/sct;SNOMED-CT
717808006;Multiple liveborn other than twins born outside hospital;http://snomed.info/sct;SNOMED-CT
473386008;Never used condom;http://snomed.info/sct;SNOMED-CT
473387004;Never used contraception;http://snomed.info/sct;SNOMED-CT
310596004;No H/O: Glaucoma;http://snomed.info/sct;SNOMED-CT
310595000;No H/O: Iritis;http://snomed.info/sct;SNOMED-CT
160254003;No history of cardiovascular system disease;http://snomed.info/sct;SNOMED-CT
160257005;No history of central nervous system disease;http://snomed.info/sct;SNOMED-CT
704006006;No history of cutaneous cellulitis;http://snomed.info/sct;SNOMED-CT
700143000;No history of depression;http://snomed.info/sct;SNOMED-CT
473074004;No history of dizziness;http://snomed.info/sct;SNOMED-CT
438760008;No history of eclampsia;http://snomed.info/sct;SNOMED-CT
700145007;No history of ectopic pregnancy;http://snomed.info/sct;SNOMED-CT
160255002;No history of gastrointestinal tract disease;http://snomed.info/sct;SNOMED-CT
160256001;No history of genitourinary tract disease;http://snomed.info/sct;SNOMED-CT
473073005;No history of hearing loss;http://snomed.info/sct;SNOMED-CT
161755009;No history of induced termination of pregnancy;http://snomed.info/sct;SNOMED-CT
700363003;No history of malignant neoplastic disease;http://snomed.info/sct;SNOMED-CT
700146008;No history of malignant tumor of breast;http://snomed.info/sct;SNOMED-CT
394707001;No history of migraine;http://snomed.info/sct;SNOMED-CT
161745005;No history of miscarriage;http://snomed.info/sct;SNOMED-CT
700144006;No history of ovarian cyst;http://snomed.info/sct;SNOMED-CT
160259008;No history of psychiatric disorder;http://snomed.info/sct;SNOMED-CT
160258000;No history of respiratory system disease;http://snomed.info/sct;SNOMED-CT
704007002;No history of sexually transmitted infectious disease;http://snomed.info/sct;SNOMED-CT
716186003;No known allergy;http://snomed.info/sct;SNOMED-CT
716220001;No known animal allergy;http://snomed.info/sct;SNOMED-CT
409137002;No known drug allergy;http://snomed.info/sct;SNOMED-CT
428607008;No known environmental allergy;http://snomed.info/sct;SNOMED-CT
429625007;No known food allergy;http://snomed.info/sct;SNOMED-CT
1003774007;No known Hevea brasiliensis latex allergy;http://snomed.info/sct;SNOMED-CT
428197003;No known insect allergy;http://snomed.info/sct;SNOMED-CT
413076004;No past history of venous thrombosis;http://snomed.info/sct;SNOMED-CT
160253009;No significant social history;http://snomed.info/sct;SNOMED-CT
726565008;Past history of small for gestational age baby;http://snomed.info/sct;SNOMED-CT
703154009;Patient reports no current disability;http://snomed.info/sct;SNOMED-CT
415076002;Personal history of primary malignant neoplasm of breast;http://snomed.info/sct;SNOMED-CT
433161004;Recent injury of posterior cruciate ligament;http://snomed.info/sct;SNOMED-CT
428752002;Recent myocardial infarction;http://snomed.info/sct;SNOMED-CT
698811001;Recent rupture of posterior cruciate ligament;http://snomed.info/sct;SNOMED-CT
705002000;Repeated self-induced vomiting;http://snomed.info/sct;SNOMED-CT
1187613000;Resigned military service commission;http://snomed.info/sct;SNOMED-CT
1187600006;Served in military service;http://snomed.info/sct;SNOMED-CT
1187606000;Served in military service during peacetime;http://snomed.info/sct;SNOMED-CT
442423001;Single liveborn born in hospital by cesarean section;http://snomed.info/sct;SNOMED-CT
1,7561E+13;Single liveborn born in hospital by vaginal delivery;http://snomed.info/sct;SNOMED-CT
717803002;Singleton liveborn born in hospital;http://snomed.info/sct;SNOMED-CT
717804008;Singleton liveborn born outside hospital;http://snomed.info/sct;SNOMED-CT
717805009;Singleton liveborn unspecified as to place of birth;http://snomed.info/sct;SNOMED-CT
1,60896E+16;Triplet liveborn in hospital by cesarean section;http://snomed.info/sct;SNOMED-CT
442327001;Twin liveborn born in hospital;http://snomed.info/sct;SNOMED-CT
442342003;Twin liveborn born in hospital by cesarean section;http://snomed.info/sct;SNOMED-CT
717806005;Twin liveborn born outside hospital;http://snomed.info/sct;SNOMED-CT
